"race","uof_percent","pop_percent","difference"
"White",0.403606557377049,0.665931288099114,-0.262324730722065
"Black/African American",0.314180327868852,0.0722995249704842,0.241880802898368
"Native American",0.01,0.00529897139535225,0.00470102860464775
"Asian",0.0360655737704918,0.140720758087667,-0.104655184317176
"Pacific Islander",0.00631147540983607,0.00419182113154676,0.00211965427828931
"Hispanic / Latino",0.0371311475409836,0.0641330670511755,-0.0270019195101919
"Not Specified",0.192704918032787,0,0.192704918032787
