"race","uof_percent","pop_percent","difference","pre_gf","post_gf","post_summer"
"White",40.3117858308848,66.5931288099114,-26.2813429790267,40.5089951733216,37.6896149358226,39.6355353075171
"Black/African American",31.4397649363369,7.22995249704842,24.2098124392885,32.329969284774,19.6032672112019,22.3234624145786
"Hispanic / Latino",3.72184133202742,6.41330670511755,-2.69146537309013,3.87889425186485,1.63360560093349,1.82232346241458
"Asian",3.60757427358799,14.0720758087667,-10.4645015351787,3.6682755594559,2.80046674445741,3.41685649202733
"Pacific Islander",0.628468821416912,0.419182113154676,0.209286708262235,0.614304519526108,0.816802800466744,0
"Native American",0.995755794972249,0.529897139535225,0.465858655437024,0.965335673541027,1.4002333722287,1.82232346241458
"Not Specified",19.2948090107738,0,19.2948090107738,18.0342255375165,36.0560093348891,30.9794988610478
