"race","uof_percent","pop_percent","difference"
"White",40.3091265947007,66.5931288099114,-26.2840022152107
"Black/African American",31.4524043179588,7.22995249704842,24.2224518209104
"Hispanic / Latino",3.72096826954531,6.41330670511755,-2.69233843557224
"Asian",3.61465489041544,14.0720758087667,-10.4574209183513
"Pacific Islander",0.629702322538436,0.419182113154676,0.21052020938376
"Native American",0.997710173372588,0.529897139535225,0.467813033837362
"Not Specified",19.2754334314688,0,19.2754334314688
