"race","uof_percent","pop_percent","difference","pre_gf","post_gf","difference2"
"White",40.2986292428198,66.5931288099114,-26.2944995670916,40.4363573646085,37.8787878787879,-28.7143409311236
"Black/African American",31.4376631853786,7.22995249704842,24.2077106883302,31.9679199724043,22.1212121212121,14.8912596241637
"Hispanic / Latino",3.72062663185379,6.41330670511755,-2.69268007326376,3.8202828561573,1.96969696969697,-4.44360973542058
"Asian",3.60639686684073,14.0720758087667,-10.465678941926,3.62193859951708,3.33333333333333,-10.7387424754334
"Pacific Islander",0.628263707571802,0.419182113154676,0.209081594417126,0.603656433252846,1.06060606060606,0.641423947451385
"Native American",0.995430809399478,0.529897139535225,0.465533669864252,0.948602966540186,1.81818181818182,1.28828467864659
"Not Specified",19.3129895561358,0,19.3129895561358,18.6012418075198,31.8181818181818,31.8181818181818
