"race","uof_percent","pop_percent","difference","post_gf","difference2"
"White",40.2860645688598,66.5931288099114,-26.3070642410516,37.2619047619048,-29.3312240480067
"Black/African American",31.4344094809971,7.22995249704842,24.2044569839487,19.2857142857143,12.0557617886659
"Hispanic / Latino",3.71883939517777,6.41330670511755,-2.69446730993978,1.54761904761905,-4.8656876574985
"Asian",3.61258684102983,14.0720758087667,-10.4594889677369,2.85714285714286,-11.2149329516239
"Pacific Islander",0.629342051491622,0.419182113154676,0.210159938336946,0.833333333333333,0.414151220178657
"Native American",0.997139354311402,0.529897139535225,0.467242214776176,1.42857142857143,0.898674289036203
"Not Specified",19.3216183081324,0,19.3216183081324,36.7857142857143,36.7857142857143
